"Transaction Date","First Name","Last Name",Title,Symbol,Name,"Transaction Total",Transaction,"Note Text"
2023-10-20,Thomas,Carper,"US Senator",PSQ,"Short QQQ -1X ",24002,Sell,"Traded $3,003 To $45,000 . By Spouse."
2023-10-20,Thomas,Carper,"US Senator",HDGE,"Active Bear ET",24002,Buy,"Traded $3,003 To $45,000 . By Spouse."
2023-10-06,Peter,Sessions,"US Congressman",WBD,"Discovery Inc ",494,Sell,"By Spouse."
2023-10-06,Peter,Sessions,"US Congressman",ARCC,"Ares Capital C",570,Buy,"By Spouse."
2023-10-06,Max,Miller,"US Congressman",VOO,"S&P 500 ETF Va",32500,Sell,"Traded $15,001 to $50,000 ."
2023-10-06,Max,Miller,"US Congressman",VO,"Midcap ETF Van",8000,Sell,"Traded $1,001 to $15,000 ."
2023-10-06,Max,Miller,"US Congressman",JEPI,"JPM Equity Pre",8000,Sell,"Traded $1,001 to $15,000 ."
2023-10-04,Thomas,Carper,"US Senator",RVNC,"Revance Therap",8000,Buy,"By Spouse. Traded $1,001 to $15,000 ."
2023-10-04,Richard,Larsen,"US Congressman",MDLZ,"Mondelez Intl ",8000,Buy,"Traded $1,001 to $15,000 ."
2023-10-03,Thomas,Carper,"US Senator",GPCR,"Structure Ther",8000,Sell,"By Spouse. Traded $1,001 to $15,000 ."
2023-10-03,Markwayne,Mullin,"US Senator",PG,"Procter & Gamb",8000,Buy,"Traded $1,001 to $15,000 ."
2023-10-03,Markwayne,Mullin,"US Senator",RTX,"Rtx Corp",8000,Buy,"Traded $1,001 to $15,000 ."
2023-10-03,Markwayne,Mullin,"US Senator",SPGI,"S&P Global Inc",8000,Buy,"Traded $1,001 to $15,000 ."
2023-10-03,Markwayne,Mullin,"US Senator",CRM,"Salesforce Inc",8000,Buy,"Traded $1,001 to $15,000 ."
2023-10-03,Markwayne,Mullin,"US Senator",SHW,Sherwin-Willia,8000,Buy,"Traded $1,001 to $15,000 ."
2023-10-03,Markwayne,Mullin,"US Senator",SBUX,"Starbucks Corp",8000,Buy,"Traded $1,001 to $15,000 ."
2023-10-03,Markwayne,Mullin,"US Senator",TMUS,"T-Mobile US",8000,Buy,"Traded $1,001 to $15,000 ."
2023-10-03,Markwayne,Mullin,"US Senator",TXN,"Texas Instrume",8000,Buy,"Traded $1,001 to $15,000 ."
2023-10-03,Markwayne,Mullin,"US Senator",TMO,"Thermo Fisher ",32500,Buy,"Traded $15,001 to $50,000 ."
2023-10-03,Markwayne,Mullin,"US Senator",UNP,"Union Pacific ",8000,Buy,"Traded $1,001 to $15,000 ."
2023-10-03,Markwayne,Mullin,"US Senator",UNH,"Unitedhealth G",8000,Buy,"Traded $1,001 to $15,000 ."
2023-10-03,Markwayne,Mullin,"US Senator",V,"Visa Inc",8000,Buy,"Traded $1,001 to $15,000 ."
2023-10-03,Markwayne,Mullin,"US Senator",ZTS,"Zoetis Inc Cl ",8000,Buy,"Traded $1,001 to $15,000 ."
2023-10-03,James,Vance,"US Senator",WMT,"Walmart Inc",75000,Sell,"Traded $50,001 to $100,000 ."
2023-09-29,Jonathan,Jackson,"US Congressman",DTE,"Dte Energy Com",32500,Sell,"Traded $15,001 to $50,000 ."
2023-09-29,Michael,Mccaul,"US Congressman",FMCC,"Freddie Mac",75000,Sell,"By Dependent Child. Traded $50,001 to $100,000 ."
2023-09-29,Michael,Mccaul,"US Congressman",FMCC,"Freddie Mac",175000,Sell,"By Spouse. Traded $100,001 To $250,000 ."
2023-09-29,Rohit,Khanna,"US Congressman",ZTS,"Zoetis Inc Cl ",24002,Buy,"By Spouse & Dependent Child. Traded $3,003 to $45,000 ."
2023-09-29,Rohit,Khanna,"US Congressman",COP,Conocophillips,24002,Buy,"By Spouse & Dependent Child. Traded $3,003 to $45,000 ."
2023-09-29,Rohit,Khanna,"US Congressman",KO,"Coca-Cola Comp",24002,Buy,"By Spouse & Dependent Child. Traded $3,003 to $45,000 ."
2023-09-29,Rohit,Khanna,"US Congressman",ACN,"Accenture Plc",24002,Buy,"By Spouse & Dependent Child. Traded $3,003 to $45,000 ."
2023-09-29,Rohit,Khanna,"US Congressman",TGT,"Target Corp",24002,Sell,"By Spouse & Dependent Child. Traded $3,003 to $45,000 ."
2023-09-29,Rohit,Khanna,"US Congressman",ETN,"Eaton Corp",73002,Sell,"By Spouse & Dependent Child. Traded $31,001 To $115,000 ."
2023-09-29,Rohit,Khanna,"US Congressman",VZ,"Verizon Commun",8000,Sell,"By Spouse. Traded $1,001 To $15,000 ."
2023-09-29,Rohit,Khanna,"US Congressman",DIS,"Walt Disney Co",8000,Sell,"By Spouse. Traded $1,001 to $15,000 ."
2023-09-29,Rohit,Khanna,"US Congressman",RF,"Regions Financ",8000,Sell,"By Spouse. Traded $1,001 to $15,000 ."
2023-09-29,Rohit,Khanna,"US Congressman",MODG,"Topgolf Callaw",8000,Buy,"By Spouse. Traded $1,001 To $15,000 ."
2023-09-29,Rohit,Khanna,"US Congressman",VZ,"Verizon Commun",8000,Sell,"By Dependent Child. Traded $1,001 to $15,000 ."
2023-09-29,Rohit,Khanna,"US Congressman",DIS,"Walt Disney Co",8000,Sell,"By Dependent Child. Traded $1,001 to $15,000 ."
2023-09-28,Robert,Wittman,"US Congressman",WMT,"Walmart Inc",8000,Sell,"Traded $1,001 to $15,000 ."
2023-09-28,Robert,Wittman,"US Congressman",UNH,"Unitedhealth G",8000,Sell,"Traded $1,001 to $15,000 ."
2023-09-28,Robert,Wittman,"US Congressman",PLD,"Prologis Inc",8000,Sell,"Traded $1,001 to $15,000 ."
2023-09-28,Robert,Wittman,"US Congressman",MSFT,"Microsoft Corp",8000,Sell,"Traded $1,001 to $15,000 ."
2023-09-28,Robert,Wittman,"US Congressman",KMI,"Kinder Morgan",8000,Sell,N/A
2023-09-28,Robert,Wittman,"US Congressman",JPM,"JP Morgan Chas",8000,Sell,"Traded $1,001 to $15,000 ."
2023-09-28,Robert,Wittman,"US Congressman",HIG,"Hartford Finan",8000,Sell,"Traded $1,001 to $15,000 ."
2023-09-28,Robert,Wittman,"US Congressman",EOG,"Eog Resources",8000,Sell,"Traded $1,001 to $15,000 ."
2023-09-28,Robert,Wittman,"US Congressman",CAT,"Caterpillar In",8000,Sell,"Traded $1,001 to $15,000 ."
2023-09-28,Robert,Wittman,"US Congressman",AAPL,"Apple Inc",8000,Sell,"Traded $1,001 to $15,000 ."
2023-09-28,Robert,Wittman,"US Congressman",AMZN,"Amazon.com Inc",8000,Sell,"Traded $1,001 to $15,000 ."
2023-09-28,Robert,Wittman,"US Congressman",GOOG,"Alphabet Cl C",8000,Sell,"Traded $1,001 to $15,000 ."
2023-09-28,Robert,Wittman,"US Congressman",ABBV,"Abbvie Inc",8000,Sell,"Traded $1,001 to $15,000 ."
2023-09-28,Thomas,Tuberville,"US Senator",KR,"Kroger Company",32500,Buy,"Traded $15,001 to $50,000 ."
2023-09-28,Rohit,Khanna,"US Congressman",VZ,"Verizon Commun",8000,Sell,"By Spouse. Traded $1,001 To $15,000 ."
2023-09-28,Rohit,Khanna,"US Congressman",DIS,"Walt Disney Co",8000,Sell,"By Spouse. Traded $1,001 to $15,000 ."
2023-09-28,Rohit,Khanna,"US Congressman",BAX,"Baxter Interna",8000,Buy,"By Spouse. Traded $1,001 To $15,000 ."
2023-09-28,Rohit,Khanna,"US Congressman",MODG,"Topgolf Callaw",8000,Buy,"By Spouse. Traded $1,001 To $15,000 ."
2023-09-28,Rohit,Khanna,"US Congressman",VZ,"Verizon Commun",8000,Sell,"By Dependent Child. Traded $1,001 to $15,000 ."
2023-09-28,Rohit,Khanna,"US Congressman",DIS,"Walt Disney Co",8000,Sell,"By Dependent Child. Traded $1,001 to $15,000 ."
2023-09-27,Michael,Mccaul,"US Congressman",SAPGF,"SAP Ag Systeme",75000,Buy,"By Dependent Child. Traded $50,001 to $100,000 ."
2023-09-27,Michael,Mccaul,"US Congressman",NVT,"Nvent Electric",32500,Sell,"By Dependent Child. Traded $15,001 to $50,000 ."
2023-09-27,Michael,Mccaul,"US Congressman",NVT,"Nvent Electric",32500,Sell,"By Spouse. Traded $15,001 To $50,000 ."
2023-09-27,Shelley,Capito,"US Senator",SPGI,"S&P Global Inc",8000,Buy,"By Spouse. Traded $1,001 to $15,000 ."
2023-09-27,Jared,Moskowitz,"US Congressman",TGT,"Target Corp",16001,Sell,"By Dependent Child. Traded $2,002 to $30,000 ."
2023-09-27,Jared,Moskowitz,"US Congressman",CMI,"Cummins Inc",16001,Buy,"By Dependent Child. Traded $2,002 to $30,000 ."
2023-09-27,Rohit,Khanna,"US Congressman",DIS,"Walt Disney Co",8000,Sell,"By Spouse. Traded $1,001 to $15,000 ."
2023-09-27,Rohit,Khanna,"US Congressman",RF,"Regions Financ",8000,Sell,"By Spouse. Traded $1,001 to $15,000 ."
2023-09-27,Rohit,Khanna,"US Congressman",MODG,"Topgolf Callaw",8000,Buy,"By Spouse. Traded $1,001 To $15,000 ."
2023-09-27,Rohit,Khanna,"US Congressman",BAX,"Baxter Interna",8000,Buy,"By Spouse. Traded $1,001 To $15,000 ."
2023-09-27,Rohit,Khanna,"US Congressman",ST,"Sensata Techno",8000,Buy,"By Spouse. Traded $1,001 To $15,000 ."
2023-09-27,Rohit,Khanna,"US Congressman",GM,"General Motors",8000,Sell,"By Dependent Child. Traded $1,001 To $15,000 ."
2023-09-27,Rohit,Khanna,"US Congressman",DIS,"Walt Disney Co",8000,Sell,"By Dependent Child. Traded $1,001 to $15,000 ."
2023-09-26,Michael,Mccaul,"US Congressman",AIT,"Applied Indust",32500,Sell,"By Dependent Child.Traded $100,001 To $250,000 ."
2023-09-26,Michael,Mccaul,"US Congressman",AIT,"Applied Indust",32500,Sell,"By Spouse. Traded $15,001 To $50,000 ."
2023-09-26,Joshua,Gottheimer,"US Congressman",TGT,"Target Corp",8000,Sell,"Traded $1,001 to $15,000 ."
2023-09-26,Joshua,Gottheimer,"US Congressman",NOC,"Northrop Grumm",8000,Buy,"Traded $1,001 to $15,000 ."
2023-09-26,Joshua,Gottheimer,"US Congressman",AAPL,"Apple Inc",8000,Sell,"Traded $1,001 to $15,000 ."
2023-09-26,Rohit,Khanna,"US Congressman",URBN,"Urban Outfitte",8000,Sell,"By Spouse. Traded $1,001 to $15,000 ."
2023-09-26,Rohit,Khanna,"US Congressman",MODG,"Topgolf Callaw",8000,Buy,"By Spouse.Traded $1,001 To $15,000 ."
2023-09-25,Michael,Mccaul,"US Congressman",META,"Meta Platforms",75000,Sell,"By Dependent Child. Traded $50,001 to $100,000 ."
2023-09-25,Michael,Mccaul,"US Congressman",META,"Meta Platforms",75000,Sell,"Bu Spouse. Traded $50,001 to $100,000 ."
2023-09-25,Kevin,Hern,"US Congressman",WMB,"Williams Compa",8000,Buy,"Traded $1,001 to $15,000 ."
2023-09-25,Kevin,Hern,"US Congressman",MMP,"Magellan Midst",8000,Buy,"Traded $1,001 to $15,000 ."
2023-09-25,Rohit,Khanna,"US Congressman",EXR,"Extra Space St",8000,Buy,"By Spouse. Traded $1,001 to $15,000 ."
2023-09-25,Rohit,Khanna,"US Congressman",EXR,"Extra Space St",8000,Buy,"By Dependent Child. Traded $1,001 to $15,000 ."
2023-09-25,Michael,Burgess,"US Congressman",BX,"Blackstone Inc",32500,Sell,"By Spouse. Traded $15,001 to $50,000 ."
2023-09-22,Michael,Mccaul,"US Congressman",VVV,"Valvoline Inc",32500,Buy,"By Dependent Child. Traded $15,001 to $50,000 ."
2023-09-22,Michael,Mccaul,"US Congressman",VVV,"Valvoline Inc",32500,Buy,"By Spouse. Traded $15,001 To $50,000 ."
2023-09-22,Joshua,Gottheimer,"US Congressman",TSLA,"Tesla Inc",8000,Buy,"Traded $1,001 to $15,000 ."
2023-09-22,Joshua,Gottheimer,"US Congressman",MA,"Mastercard Inc",8000,Buy,"Traded $1,001 to $15,000 ."
2023-09-22,Joshua,Gottheimer,"US Congressman",AVGO,"Broadcom Ltd",8000,Buy,"Traded $1,001 to $15,000 ."
2023-09-22,Shelley,Capito,"US Senator",UNH,"Unitedhealth G",8000,Buy,"By Spouse. Traded $1,001 to $15,000 ."
2023-09-22,Shelley,Capito,"US Senator",ACN,"Accenture Plc",8000,Buy,"By Spouse. Traded $1,001 to $15,000 ."
2023-09-21,J.,Ricketts,"US Senator",YUM,"Yum! Brands",75000,Sell,"By Spouse. Traded $50,001 to $100,000 ."
2023-09-21,J.,Ricketts,"US Senator",WAL,"Western Allian",75000,Sell,"By Spouse. Traded $50,001 to $100,000 ."
2023-09-21,J.,Ricketts,"US Senator",VZ,"Verizon Commun",75000,Sell,"By Spouse. Traded $50,001 to $100,000 ."
2023-09-21,J.,Ricketts,"US Senator",UNP,"Union Pacific ",175000,Sell,"By Spouse. Traded $100,001 to $250,000 ."
2023-09-21,J.,Ricketts,"US Senator",UNH,"Unitedhealth G",175000,Sell,"By Spouse. Traded $100,001 to $250,000 ."
2023-09-21,J.,Ricketts,"US Senator",PNC,"PNC Bank",75000,Sell,"By Spouse. Traded $50,001 to $100,000 ."
2023-09-21,J.,Ricketts,"US Senator",PM,"Philip Morris ",175000,Sell,"By Spouse. Traded $100,001 to $250,000 ."
2023-09-21,J.,Ricketts,"US Senator",PLD,"Prologis Inc",75000,Sell,"By Spouse. Traded $50,001 to $100,000 ."
2023-09-21,J.,Ricketts,"US Senator",PG,"Procter & Gamb",175000,Sell,"By Spouse. Traded $100,001 to $250,000 ."
2023-09-21,J.,Ricketts,"US Senator",NTR,"Nutrien Ltd",75000,Sell,"By Spouse. Traded $50,001 to $100,000 ."
2023-09-21,J.,Ricketts,"US Senator",MRK,"Merck & Compan",75000,Sell,"By Spouse. Traded $50,001 to $100,000 ."
2023-09-21,J.,Ricketts,"US Senator",MDT,"Medtronic Inc",75000,Sell,"By Spouse. Traded $50,001 to $100,000 ."
2023-09-21,J.,Ricketts,"US Senator",MCD,"McDonald's Cor",175000,Sell,"By Spouse. Traded $100,001 to $250,000 ."
2023-09-21,J.,Ricketts,"US Senator",KO,"Coca-Cola Comp",175000,Sell,"By Spouse. Traded $100,001 to $250,000 ."
2023-09-21,J.,Ricketts,"US Senator",JNJ,"Johnson & John",175000,Sell,"By Spouse. Traded $100,001 to $250,000 ."
2023-09-21,J.,Ricketts,"US Senator",GD,"General Dynami",175000,Sell,"By Spouse. Traded $100,001 to $250,000 ."
2023-09-21,J.,Ricketts,"US Senator",EMR,"Emerson Electr",175000,Sell,"By Spouse. Traded $100,001 to $250,000 ."
2023-09-21,J.,Ricketts,"US Senator",CVS,"CVS Corp",75000,Sell,"By Spouse. Traded $50,001 to $100,000 ."
2023-09-21,J.,Ricketts,"US Senator",CUBE,Cubesmart,75000,Sell,"By Spouse. Traded $50,001 to $100,000 ."
2023-09-21,J.,Ricketts,"US Senator",CF,"Cf Industries ",75000,Sell,"By Spouse. Traded $50,001 to $100,000 ."
2023-09-21,J.,Ricketts,"US Senator",APA,"Apa Corp",75000,Sell,"By Spouse. Traded $50,001 to $100,000 ."
2023-09-21,J.,Ricketts,"US Senator",ADP,"Automatic Data",75000,Sell,"By Spouse. Traded $50,001 to $100,000 ."
2023-09-21,J.,Ricketts,"US Senator",ABT,"Abbott Laborat",175000,Sell,"By Spouse. Traded $100,001 to $250,000 ."
2023-09-21,Kevin,Hern,"US Congressman",PXD,"Pioneer Natura",8000,Buy,"Traded $1,001 to $15,000 ."
2023-09-21,Joshua,Gottheimer,"US Congressman",LLY,"Eli Lilly and ",8000,Buy,"Traded $1,001 to $15,000 ."
2023-09-21,Shelley,Capito,"US Senator",RTX,"Rtx Corp",8000,Sell,"By Spouse. Traded $1,001 to $15,000 ."
2023-09-21,Rohit,Khanna,"US Congressman",LH,"Laboratory Cor",8000,Buy,"By Spouse. Traded $1,001 to $15,000 ."
2023-09-21,Rohit,Khanna,"US Congressman",EXR,"Extra Space St",8000,Buy,"By Spouse. Traded $1,001 to $15,000 ."
2023-09-21,Rohit,Khanna,"US Congressman",MODG,"Topgolf Callaw",8000,Buy,"By Spouse. Traded $1,001 To $15,000 ."
2023-09-21,Rohit,Khanna,"US Congressman",LTHM,"Livent Corp",8000,Buy,"By Spouse. Traded $1,001 To $15,000 ."
2023-09-21,Rohit,Khanna,"US Congressman",LH,"Laboratory Cor",8000,Buy,"By Dependent Child. Traded $1,001 to $15,000 ."
2023-09-21,Rohit,Khanna,"US Congressman",EXR,"Extra Space St",8000,Buy,"By Dependent Child. Traded $1,001 to $15,000 ."
2023-09-21,Virginia,Foxx,"US Congressman",VGR,"Vector Group L",75000,Sell,"Traded $50,001 to $100,000 ."
2023-09-21,Virginia,Foxx,"US Congressman",HTGC,"Hercules Techn",8000,Buy,"Traded $1,001 to $15,000 ."
2023-09-20,Michael,Mccaul,"US Congressman",AER,"Aercap Holding",175000,Buy,"By Dependent Child.Traded $100,001 To $250,000 ."
2023-09-20,Michael,Mccaul,"US Congressman",AER,"Aercap Holding",175000,Buy,"By Spouse. Traded $100,001 To $250,000 ."
2023-09-20,Sheldon,Whitehouse,"US Senator",CBD-,"Cia Brasileira",8000,Sell,"By Spouse. Traded $1,001 to $15,000 ."
2023-09-20,Sheldon,Whitehouse,"US Senator",PYPL,"Paypal Holding",8000,Sell,"By Spouse. Traded $1,001 to $15,000 ."
2023-09-20,Sheldon,Whitehouse,"US Senator",BTO,"John Hancock B",8000,Sell,"By Spouse. Traded $1,001 To $15,000 ."
2023-09-20,Sheldon,Whitehouse,"US Senator",INTC,"Intel Corp",8000,Sell,"By Spouse. Traded $1,001 To $15,000 ."
2023-09-20,Sheldon,Whitehouse,"US Senator",MET,"Metlife Inc",8000,Sell,"Traded $1,001 to $15,000 ."
2023-09-20,Sheldon,Whitehouse,"US Senator",KVUE,"Kenvue Inc",8000,Buy,"Traded $1,001 to $15,000 ."
2023-09-20,Sheldon,Whitehouse,"US Senator",VZ,"Verizon Commun",8000,Buy,"Traded $1,001 to $15,000 ."
2023-09-20,Sheldon,Whitehouse,"US Senator",NVSEF,"Novartis Ag",32500,Buy,"Traded $15,001 to $50,000 ."
2023-09-20,Sheldon,Whitehouse,"US Senator",MMM,"3M Company",32500,Sell,"Traded $15,001 to $50,000 ."
2023-09-20,Sheldon,Whitehouse,"US Senator",T,"AT&T Inc",32500,Sell,"By Director & Spouse. Traded $16,002 to $65,000 ."
2023-09-20,Sheldon,Whitehouse,"US Senator",TSLA,"Tesla Inc",8000,Buy,"Traded $1,001 to $15,000 ."
2023-09-20,Sheldon,Whitehouse,"US Senator",SQ,"Block Inc",8000,Sell,"Traded $1,001 to $15,000 ."
2023-09-20,Sheldon,Whitehouse,"US Senator",WBD,"Discovery Inc ",8000,Sell,"By Director & Spouse. Traded $2,002 to $30,000 ."
2023-09-20,Sheldon,Whitehouse,"US Senator",LLY,"Eli Lilly and ",32500,Buy,"Traded $15,001 to $50,000 ."
2023-09-20,Thomas,Tuberville,"US Senator",CLX,"Clorox Company",175000,Buy,"Traded $100,001 to $250,000 ."
2023-09-20,Rohit,Khanna,"US Congressman",DIS,"Walt Disney Co",8000,Sell,"By Spouse. Traded $1,001 to $15,000 ."
2023-09-20,Rohit,Khanna,"US Congressman",EXR,"Extra Space St",8000,Buy,"By Spouse. Traded $1,001 to $15,000 ."
2023-09-20,Rohit,Khanna,"US Congressman",LH,"Laboratory Cor",8000,Buy,"By Spouse. Traded $1,001 to $15,000 ."
2023-09-20,Rohit,Khanna,"US Congressman",AXP,"American Expre",8000,Buy,"By Dependent Child. Traded $1,001 To $15,000 ."
2023-09-20,Rohit,Khanna,"US Congressman",DIS,"Walt Disney Co",8000,Sell,"By Dependent Child. Traded $1,001 to $15,000 ."
2023-09-20,Rohit,Khanna,"US Congressman",LH,"Laboratory Cor",8000,Buy,"By Dependent Child. Traded $1,001 to $15,000 ."
2023-09-20,Rohit,Khanna,"US Congressman",EXR,"Extra Space St",8000,Buy,"By Dependent Child. Traded $1,001 to $15,000 ."
2023-09-20,Peter,Sessions,"US Congressman",MSFT,"Microsoft Corp",8000,Buy,"By Spouse. Traded $1,001 To $15,000 ."
2023-09-19,Jonathan,Jackson,"US Congressman",NEE,"Nextera Energy",32500,Sell,"Traded $15,001 to $50,000 ."
2023-09-19,Jonathan,Jackson,"US Congressman",CHX,"Championx Corp",32500,Buy,"Traded $15,001 to $50,000 ."
2023-09-19,Michael,Mccaul,"US Congressman",CBD-,"Cia Brasileira",75000,Sell,"By Dependent Child.Traded $50,001 to $100,000 ."
2023-09-19,Michael,Mccaul,"US Congressman",CBD-,"Cia Brasileira",175000,Sell,"By Spouse. Traded $100,001 To $250,000 ."
2023-09-19,Kevin,Hern,"US Congressman",UNH,"Unitedhealth G",8000,Buy,"Traded $1,001 to $15,000 ."
2023-09-19,Rohit,Khanna,"US Congressman",DIS,"Walt Disney Co",8000,Sell,"By Spouse. Traded $1,001 to $15,000 ."
2023-09-19,Rohit,Khanna,"US Congressman",TGT,"Target Corp",8000,Buy,"By Spouse. Traded $1,001 to $15,000 ."
2023-09-19,Rohit,Khanna,"US Congressman",MODG,"Topgolf Callaw",8000,Buy,"By Spouse. Traded $1,001 To $15,000 ."
2023-09-19,Rohit,Khanna,"US Congressman",DIS,"Walt Disney Co",8000,Sell,"By Dependent Child. Traded $1,001 to $15,000 ."
2023-09-19,Rohit,Khanna,"US Congressman",TGT,"Target Corp",8000,Buy,"By Dependent Child. Traded $1,001 to $15,000 ."
2023-09-19,Virginia,Foxx,"US Congressman",CRT,"Cross Timbers ",8000,Buy,"Traded $1,001 to $15,000 ."
2023-09-19,Virginia,Foxx,"US Congressman",AAIC,"Arlington Asse",8000,Buy,"Traded $1,001 to $15,000 ."
2023-09-18,Michael,Mccaul,"US Congressman",ST,"Sensata Techno",8000,Buy,"By Dependent Child. Traded $1,001 to $15,000 ."
2023-09-18,Michael,Mccaul,"US Congressman",SAPGF,"SAP Ag Systeme",75000,Buy,"By Dependent Child. Traded $50,001 to $100,000 ."
2023-09-18,Michael,Mccaul,"US Congressman",ST,"Sensata Techno",32500,Buy,"By Spouse. Traded $15,001 To $50,000 ."
2023-09-18,Joshua,Gottheimer,"US Congressman",VBTX,"Veritex Holdin",8000,Sell,"Traded $1,001 to $15,000 ."
2023-09-18,Joshua,Gottheimer,"US Congressman",INTA,"Intapp Inc",8000,Buy,"Traded $1,001 to $15,000 ."
2023-09-18,Markwayne,Mullin,"US Senator",COST,"Costco Wholesa",32500,Buy,"Traded $15,001 to $50,000 ."
2023-09-18,Thomas,Tuberville,"US Senator",PARA,"Paramount Glob",75000,Buy,"Traded $50,001 to $100,000 ."
2023-09-18,Thomas,Tuberville,"US Senator",TXN,"Texas Instrume",175000,Buy,"Traded $100,001 to $250,000 ."
2023-09-18,Rohit,Khanna,"US Congressman",MMC,"Marsh & Mclenn",8000,Sell,"By Spouse. Traded $1,001 to $15,000 ."
2023-09-18,Rohit,Khanna,"US Congressman",EXR,"Extra Space St",8000,Buy,"By Spouse. Traded $1,001 to $15,000 ."
2023-09-18,Rohit,Khanna,"US Congressman",MMC,"Marsh & Mclenn",8000,Sell,"By Dependent Child. Traded $1,001 to $15,000 ."
2023-09-18,Rohit,Khanna,"US Congressman",EXR,"Extra Space St",8000,Buy,"By Dependent Child. Traded $1,001 to $15,000 ."
2023-09-18,Virginia,Foxx,"US Congressman",VGR,"Vector Group L",8000,Buy,"Traded $1,001 to $15,000 ."
2023-09-18,Virginia,Foxx,"US Congressman",GPP,"Green Plains P",32500,Sell,"Traded $15,001 to $50,000 ."
2023-09-17,Michael,Mccaul,"US Congressman",CNHI,"CNH Industrial",75000,Sell,"By Spouse. Traded $50,001 to $100,000 ."
2023-09-15,Michael,Mccaul,"US Congressman",ST,"Sensata Techno",32500,Buy,"By Dependent Child. Traded $15,001 to $50,000 ."
2023-09-15,Michael,Mccaul,"US Congressman",VVV,"Valvoline Inc",32500,Buy,"By Dependent Child. Traded $15,001 to $50,000 ."
2023-09-15,Michael,Mccaul,"US Congressman",ELV,"Elevance Healt",75000,Buy,"By Dependent Child. Traded $50,001 to $100,000 ."
2023-09-15,Michael,Mccaul,"US Congressman",CMCSA,"Comcast Corp A",75000,Sell,"By Dependent Child.Traded $50,001 to $100,000 ."
2023-09-15,Michael,Mccaul,"US Congressman",ST,"Sensata Techno",175000,Buy,"By Spouse.Traded $100,001 to $250,000 ."
2023-09-15,Michael,Mccaul,"US Congressman",AAP,"Advance Auto P",175000,Sell,"By Spouse. Traded $100,001 To $250,000 ."
2023-09-15,Michael,Mccaul,"US Congressman",VVV,"Valvoline Inc",32500,Buy,"By Spouse. Traded $15,001 To $50,000 ."
2023-09-15,Robert,Wittman,"US Congressman",IFF,"International ",8000,Sell,"Traded $1,001 to $15,000 ."
2023-09-15,Robert,Wittman,"US Congressman",FIS,"Fidelity Natio",8000,Sell,"Traded $1,001 to $15,000 ."
2023-09-15,Michael,Mccaul,"US Congressman",ELV,"Elevance Healt",175000,Buy,"By Spouse. Traded $100,001 To $250,000 ."
2023-09-15,Michael,Mccaul,"US Congressman",CMCSA,"Comcast Corp A",75000,Sell,"By Spouse. Traded $50,001 To $100,000 ."
2023-09-15,Joshua,Gottheimer,"US Congressman",VIAV,"Viavi Solution",8000,Sell,"Traded $1,001 to $15,000 ."
2023-09-15,Joshua,Gottheimer,"US Congressman",VZ,"Verizon Commun",8000,Sell,"Traded $1,001 to $15,000 ."
2023-09-15,Joshua,Gottheimer,"US Congressman",VBTX,"Veritex Holdin",8000,Sell,"Traded $1,001 to $15,000 ."
2023-09-15,Joshua,Gottheimer,"US Congressman",VCYT,"Veracyte Inc",8000,Sell,"Traded $1,001 to $15,000 ."
2023-09-15,Joshua,Gottheimer,"US Congressman",UTZ,"Utz Brands Inc",8000,Sell,"Traded $1,001 to $15,000 ."
2023-09-15,Joshua,Gottheimer,"US Congressman",TWKS,"Thoughtworks H",8000,Sell,"Traded $1,001 to $15,000 ."
2023-09-15,Joshua,Gottheimer,"US Congressman",SHYF,"The Shyft Grou",8000,Sell,"Traded $1,001 to $15,000 ."
2023-09-15,Joshua,Gottheimer,"US Congressman",SBUX,"Starbucks Corp",8000,Sell,"Traded $1,001 to $15,000 ."
2023-09-15,Joshua,Gottheimer,"US Congressman",SLGN,"Silgan Holding",8000,Sell,"Traded $1,001 to $15,000 ."
2023-09-15,Joshua,Gottheimer,"US Congressman",SHLS,"Shoals Technol",8000,Sell,"Traded $1,001 to $15,000 ."
2023-09-15,Joshua,Gottheimer,"US Congressman",PHR,"Phreesia Inc",8000,Sell,"Traded $1,001 to $15,000 ."
2023-09-15,Joshua,Gottheimer,"US Congressman",MRNA,"Moderna Inc",8000,Sell,"Traded $1,001 to $15,000 ."
2023-09-15,Joshua,Gottheimer,"US Congressman",IART,"Integra Lifesc",8000,Sell,"Traded $1,001 to $15,000 ."
2023-09-15,Joshua,Gottheimer,"US Congressman",GNMSF,"Genmab A/S",8000,Sell,"Traded $1,001 to $15,000 . Is ADR/ADS, but shown as ord equivalent."
2023-09-15,Joshua,Gottheimer,"US Congressman",FOXF,"Fox Factory Cp",8000,Sell,"Traded $1,001 to $15,000 ."
2023-09-15,Joshua,Gottheimer,"US Congressman",FSLR,"First Solar In",8000,Sell,"Traded $1,001 to $15,000 ."
2023-09-15,Joshua,Gottheimer,"US Congressman",FIS,"Fidelity Natio",8000,Sell,"Traded $1,001 to $15,000 ."
2023-09-15,Joshua,Gottheimer,"US Congressman",EXAS,"Exact Sciences",8000,Sell,"Traded $1,001 to $15,000 ."
2023-09-15,Joshua,Gottheimer,"US Congressman",DAVA,"Endava Plc ADR",8000,Sell,"Traded $1,001 to $15,000 ."
2023-09-15,Kevin,Hern,"US Congressman",NEE,"Nextera Energy",8000,Buy,"Traded $1,001 to $15,000 ."
2023-09-15,Joshua,Gottheimer,"US Congressman",D,"Dominion Energ",32500,Sell,"Traded $15,001 to $50,000 ."
2023-09-15,Joshua,Gottheimer,"US Congressman",CYRX,"Cryoport Inc",8000,Sell,"Traded $1,001 to $15,000 ."
2023-09-15,Joshua,Gottheimer,"US Congressman",CCI,"Crown Castle I",8000,Sell,"Traded $1,001 to $15,000 ."
2023-09-15,Joshua,Gottheimer,"US Congressman",BCRX,"Biocryst Pharm",8000,Sell,"Traded $1,001 to $15,000 ."
2023-09-15,Joshua,Gottheimer,"US Congressman",AZTA,"Azenta Inc",8000,Sell,"Traded $1,001 to $15,000 ."
2023-09-15,Joshua,Gottheimer,"US Congressman",ARQT,"Arcutis Biothe",8000,Sell,"Traded $1,001 to $15,000 ."
2023-09-15,Joshua,Gottheimer,"US Congressman",GOOG,"Alphabet Cl C",8000,Buy,"Traded $1,001 to $15,000 ."
2023-09-15,Joshua,Gottheimer,"US Congressman",ALGT,"Allegiant Trav",8000,Sell,"Traded $1,001 to $15,000 ."
2023-09-15,Thomas,Tuberville,"US Senator",KMB,Kimberly-Clark,32500,Buy,"Traded $15,001 to $50,000 ."
2023-09-15,Rohit,Khanna,"US Congressman",MSFT,"Microsoft Corp",8000,Buy,"By Dependent Child. Traded $1,001 To $15,000 ."
2023-09-15,Rohit,Khanna,"US Congressman",SQ,"Block Inc",8000,Sell,"By Dependent Child. Traded $1,001 To $15,000 . Exact trade date is not visible in the filing, so assuming the date as end of month."
2023-09-15,Rohit,Khanna,"US Congressman",IT,"Gartner Inc",8000,Buy,"By Dependent Child. Traded $1,001 to $15,000 ."
2023-09-15,Michael,Burgess,"US Congressman",MSFT,"Microsoft Corp",32500,Sell,"Traded $15,001 to $50,000 ."
2023-09-14,Thomas,Tuberville,"US Senator",TXN,"Texas Instrume",75000,Buy,"Traded $50,001 to $100,000 ."
2023-09-14,Thomas,Tuberville,"US Senator",CLF,Cleveland-Clif,8000,Buy,N/A
2023-09-14,Rohit,Khanna,"US Congressman",KKR,"KKR & Company ",8000,Sell,"By Spouse. Traded $1,001 to $15,000 ."
2023-09-14,Rohit,Khanna,"US Congressman",MODG,"Topgolf Callaw",8000,Buy,"By Spouse.Traded $1,001 To $15,000 ."
2023-09-14,Rohit,Khanna,"US Congressman",KKR,"KKR & Company ",16001,Sell,"By Dependent Child. Traded $2,002 to $30,000 ."
2023-09-14,Lloyd,Doggett,"US Congressman",HD,"Home Depot",8000,Buy,"Traded $1,001 to $15,000 ."
2023-09-13,Markwayne,Mullin,"US Senator",ABT,"Abbott Laborat",32500,Buy,"Traded $15,001 to $50,000 ."
2023-09-13,Markwayne,Mullin,"US Senator",ADBE,"Adobe Systems ",32500,Buy,"Traded $15,001 to $50,000 ."
2023-09-13,Markwayne,Mullin,"US Senator",AMD,"Adv Micro Devi",32500,Buy,"Traded $15,001 to $50,000 ."
2023-09-13,Markwayne,Mullin,"US Senator",GOOGL,"Alphabet Cl A",32500,Buy,"Traded $15,001 to $50,000 ."
2023-09-13,Markwayne,Mullin,"US Senator",AMZN,"Amazon.com Inc",75000,Buy,"Traded $50,001 to $100,000 ."
2023-09-13,Markwayne,Mullin,"US Senator",AXP,"American Expre",32500,Buy,"Traded $15,001 to $50,000 ."
2023-09-13,Markwayne,Mullin,"US Senator",ELV,"Elevance Healt",32500,Buy,"Traded $15,001 to $50,000 ."
2023-09-13,Markwayne,Mullin,"US Senator",AAPL,"Apple Inc",75000,Buy,"Traded $50,001 to $100,000 ."
2023-09-13,Markwayne,Mullin,"US Senator",AMAT,"Applied Materi",32500,Buy,"Traded $15,001 to $50,000 ."
2023-09-13,Markwayne,Mullin,"US Senator",AZO,Autozone,32500,Buy,"Traded $15,001 to $50,000 ."
2023-09-13,Markwayne,Mullin,"US Senator",BLK,"Blackrock Inc",32500,Buy,"Traded $15,001 to $50,000 ."
2023-09-13,Markwayne,Mullin,"US Senator",BSX,"Boston Scienti",32500,Buy,"Traded $15,001 to $50,000 ."
2023-09-13,Markwayne,Mullin,"US Senator",CSX,"CSX Corp",32500,Buy,"Traded $15,001 to $50,000 ."
2023-09-13,Markwayne,Mullin,"US Senator",CAT,"Caterpillar In",32500,Buy,"Traded $15,001 to $50,000 ."
2023-09-13,Markwayne,Mullin,"US Senator",CVX,"Chevron Corp",32500,Buy,"Traded $15,001 to $50,000 ."
2023-09-13,Markwayne,Mullin,"US Senator",CMG,"Chipotle Mexic",32500,Buy,"Traded $15,001 to $50,000 ."
2023-09-13,Markwayne,Mullin,"US Senator",KO,"Coca-Cola Comp",32500,Buy,"Traded $15,001 to $50,000 ."
2023-09-13,Markwayne,Mullin,"US Senator",CMCSA,"Comcast Corp A",32500,Buy,"Traded $15,001 to $50,000 ."
2023-09-13,Markwayne,Mullin,"US Senator",COP,Conocophillips,32500,Buy,"Traded $15,001 to $50,000 ."
2023-09-13,Markwayne,Mullin,"US Senator",STZ,"Constellation ",32500,Buy,"Traded $15,001 to $50,000 ."
2023-09-13,Markwayne,Mullin,"US Senator",DHR,"Danaher Corp",32500,Buy,"Traded $15,001 to $50,000 ."
2023-09-13,Markwayne,Mullin,"US Senator",DE,"Deere & Compan",32500,Buy,"Traded $15,001 to $50,000 ."
2023-09-13,Markwayne,Mullin,"US Senator",EW,"Edwards Lifesc",32500,Buy,"Traded $15,001 to $50,000 ."
2023-09-13,Markwayne,Mullin,"US Senator",EMR,"Emerson Electr",32500,Buy,"Traded $15,001 to $50,000 ."
2023-09-13,Markwayne,Mullin,"US Senator",META,"Meta Platforms",75000,Buy,"Traded $50,001 to $100,000 ."
2023-09-13,Markwayne,Mullin,"US Senator",FI,"Fiserv Inc",32500,Buy,"Traded $15,001 to $50,000 ."
2023-09-13,Markwayne,Mullin,"US Senator",GS,"Goldman Sachs ",32500,Buy,"Traded $15,001 to $50,000 ."
2023-09-13,Markwayne,Mullin,"US Senator",HLT,"Hilton Inc",32500,Buy,"Traded $15,001 to $50,000 ."
2023-09-13,Markwayne,Mullin,"US Senator",HD,"Home Depot",32500,Buy,"Traded $15,001 to $50,000 ."
2023-09-13,Markwayne,Mullin,"US Senator",HON,"Honeywell Inte",32500,Buy,"Traded $15,001 to $50,000 ."
2023-09-13,Markwayne,Mullin,"US Senator",ICE,Intercontinent,32500,Buy,"Traded $15,001 to $50,000 ."
2023-09-13,Markwayne,Mullin,"US Senator",JPM,"JP Morgan Chas",32500,Buy,"Traded $15,001 to $50,000 ."
2023-09-13,Markwayne,Mullin,"US Senator",KLAC,"K L A-Tencor C",32500,Buy,"Traded $15,001 to $50,000 ."
2023-09-13,Markwayne,Mullin,"US Senator",LRCX,"Lam Research C",32500,Buy,"Traded $15,001 to $50,000 ."
2023-09-13,Markwayne,Mullin,"US Senator",LLY,"Eli Lilly and ",32500,Buy,"Traded $15,001 to $50,000 ."
2023-09-13,Markwayne,Mullin,"US Senator",MA,"Mastercard Inc",32500,Buy,"Traded $15,001 to $50,000 ."
2023-09-13,Markwayne,Mullin,"US Senator",MSFT,"Microsoft Corp",32500,Buy,"Traded $15,001 to $50,000 ."
2023-09-13,Markwayne,Mullin,"US Senator",NKE,"Nike Inc",32500,Buy,"Traded $15,001 to $50,000 ."
2023-09-13,Markwayne,Mullin,"US Senator",NVDA,"Nvidia Corp",32500,Buy,"Traded $15,001 to $50,000 ."
2023-09-13,Markwayne,Mullin,"US Senator",PANW,"Palo Alto Netw",32500,Buy,"Traded $15,001 to $50,000 ."
2023-09-13,Markwayne,Mullin,"US Senator",PEP,"Pepsico Inc",32500,Buy,"Traded $15,001 to $50,000 ."
2023-09-13,Markwayne,Mullin,"US Senator",PG,"Procter & Gamb",32500,Buy,"Traded $15,001 to $50,000 ."
2023-09-13,Markwayne,Mullin,"US Senator",RTX,"Rtx Corp",32500,Buy,"Traded $15,001 to $50,000 ."
2023-09-13,Markwayne,Mullin,"US Senator",SPGI,"S&P Global Inc",32500,Buy,"Traded $15,001 to $50,000 ."
2023-09-13,Markwayne,Mullin,"US Senator",CRM,"Salesforce Inc",32500,Buy,"Traded $15,001 to $50,000 ."
2023-09-13,Markwayne,Mullin,"US Senator",SHW,Sherwin-Willia,32500,Buy,"Traded $15,001 to $50,000 ."
2023-09-13,Markwayne,Mullin,"US Senator",SBUX,"Starbucks Corp",32500,Buy,"Traded $15,001 to $50,000 ."
2023-09-13,Markwayne,Mullin,"US Senator",TMUS,"T-Mobile US",32500,Buy,"Traded $15,001 to $50,000 ."
2023-09-13,Markwayne,Mullin,"US Senator",TXN,"Texas Instrume",32500,Buy,"Traded $15,001 to $50,000 ."
2023-09-13,Markwayne,Mullin,"US Senator",TMO,"Thermo Fisher ",32500,Buy,"Traded $15,001 to $50,000 ."
2023-09-13,Markwayne,Mullin,"US Senator",UNP,"Union Pacific ",32500,Buy,"Traded $15,001 to $50,000 ."
2023-09-13,Markwayne,Mullin,"US Senator",UNH,"Unitedhealth G",32500,Buy,"Traded $15,001 to $50,000 ."
2023-09-13,Markwayne,Mullin,"US Senator",VLO,"Valero Energy ",75000,Buy,"Traded $50,001 to $100,000 ."
2023-09-13,Markwayne,Mullin,"US Senator",V,"Visa Inc",32500,Buy,"Traded $15,001 to $50,000 ."
2023-09-13,Markwayne,Mullin,"US Senator",ZTS,"Zoetis Inc Cl ",32500,Buy,"Traded $15,001 to $50,000 ."
2023-09-13,Thomas,Tuberville,"US Senator",QCOM,"Qualcomm Inc",375000,Sell,"Traded $250,001 to $500,000 ."
2023-09-13,Thomas,Tuberville,"US Senator",KMB,Kimberly-Clark,75000,Buy,"Traded $50,001 to $100,000 ."
2023-09-13,Rohit,Khanna,"US Congressman",WFC,"Wells Fargo & ",8000,Buy,"By Spouse. Traded $1,001 to $15,000 ."
2023-09-13,Rohit,Khanna,"US Congressman",FERG,"Ferguson Plc",8000,Buy,"By Spouse. Traded $1,001 to $15,000 ."
2023-09-13,Rohit,Khanna,"US Congressman",HON,"Honeywell Inte",8000,Buy,"By Spouse. Traded $1,001 to $15,000 ."
2023-09-13,Rohit,Khanna,"US Congressman",MDT,"Medtronic Inc",8000,Buy,"By Spouse. Traded $1,001 to $15,000 ."
2023-09-13,Rohit,Khanna,"US Congressman",SSNC,"SS&C Technolog",8000,Buy,"By Spouse. Traded $1,001 to $15,000 ."
2023-09-13,Rohit,Khanna,"US Congressman",LEA,"Lear Corp",8000,Buy,"By Spouse. Traded $1,001 to $15,000 ."
2023-09-13,Rohit,Khanna,"US Congressman",UNP,"Union Pacific ",8000,Buy,"By Spouse. Traded $1,001 to $15,000 ."
2023-09-13,Rohit,Khanna,"US Congressman",RRX,"Regal Rexnord ",8000,Buy,"By Spouse. Traded $1,001 to $15,000 ."
2023-09-13,Rohit,Khanna,"US Congressman",HUM,"Humana Inc",8000,Buy,"By Spouse. Traded $1,001 to $15,000 ."
2023-09-13,Rohit,Khanna,"US Congressman",MU,"Micron Technol",8000,Sell,"By Spouse. Traded $1,001 To $15,000 "
2023-09-13,Suzanne,Lee,"US Congressman",RCL,"Royal Caribbea",8000,Sell,"Traded $1,001 to $15,000 ."
2023-09-13,Rohit,Khanna,"US Congressman",GOOGL,"Alphabet Cl A",8000,Sell,"By Dependent Child. Traded $1,001 To $15,000 ."
2023-09-13,Rohit,Khanna,"US Congressman",PH,Parker-Hannifi,8000,Sell,"By Dependent Child. Traded $1,001 to $15,000 ."
2023-09-13,Rohit,Khanna,"US Congressman",HON,"Honeywell Inte",8000,Buy,"By Dependent Child. Traded $1,001 to $15,000 ."
2023-09-13,Rohit,Khanna,"US Congressman",LEA,"Lear Corp",8000,Buy,"By Dependent Child. Traded $1,001 to $15,000 ."
2023-09-13,Rohit,Khanna,"US Congressman",SSNC,"SS&C Technolog",8000,Buy,"By Dependent Child. Traded $1,001 to $15,000 ."
2023-09-13,Rohit,Khanna,"US Congressman",MDT,"Medtronic Inc",8000,Buy,"By Dependant Child. Traded $1,001 to $15,000 ."
2023-09-13,Rohit,Khanna,"US Congressman",HCA,"Hca Holdings I",8000,Buy,"By Dependent Child. Traded $1,001 to $15,000 ."
2023-09-13,Rohit,Khanna,"US Congressman",RRX,"Regal Rexnord ",8000,Buy,"By Dependent Child. Traded $1,001 to $15,000 ."
2023-09-13,Rohit,Khanna,"US Congressman",HUM,"Humana Inc",8000,Buy,"By Dependent Child. Traded $1,001 to $15,000 ."
2023-09-13,Rohit,Khanna,"US Congressman",NVR,"NVR Inc",8000,Buy,"By Dependent Child. Traded $1,001 to $15,000 ."
2023-09-13,John,Curtis,"US Congressman",WM,"Waste Manageme",8000,Sell,"Traded $1,001 to $15,000 ."
2023-09-13,John,Curtis,"US Congressman",UNP,"Union Pacific ",8000,Sell,"Traded $1,001 to $15,000 ."
2023-09-13,John,Curtis,"US Congressman",PANW,"Palo Alto Netw",8000,Buy,"Traded $1,001 to $15,000 ."
2023-09-13,John,Curtis,"US Congressman",JNJ,"Johnson & John",8000,Sell,"Traded $1,001 to $15,000 ."
2023-09-13,John,Curtis,"US Congressman",EMR,"Emerson Electr",8000,Buy,"Traded $1,001 to $15,000 ."
2023-09-13,John,Curtis,"US Congressman",LLY,"Eli Lilly and ",8000,Buy,"Traded $1,001 to $15,000 ."
2023-09-13,John,Curtis,"US Congressman",ADBE,"Adobe Systems ",8000,Sell,"Traded $1,001 to $15,000 ."
2023-09-13,John,Curtis,"US Congressman",ABT,"Abbott Laborat",8000,Buy,"Traded $1,001 to $15,000 ."
2023-09-13,Michael,Burgess,"US Congressman",MRK,"Merck & Compan",8000,Sell,"Traded $1,001 to $15,000 ."
2023-09-12,Michael,Mccaul,"US Congressman",D,"Dominion Energ",32500,Buy,"By Dependent Child. Traded $15,001 to $50,000 ."
2023-09-12,Michael,Mccaul,"US Congressman",CVS,"CVS Corp",8000,Buy,"By Dependent Child. Traded $1,001 to $15,000 ."
2023-09-12,Michael,Mccaul,"US Congressman",CBD-,"Cia Brasileira",32500,Sell,"By Dependent Child. Traded $15,001 to $50,000 ."
2023-09-12,Michael,Mccaul,"US Congressman",T,"AT&T Inc",32500,Sell,"By Dependent Child. Traded $15,001 to $50,000 ."
2023-09-12,Michael,Mccaul,"US Congressman",D,"Dominion Energ",175000,Buy,"By Spouse. Traded $100,001 To $250,000 ."
2023-09-12,Michael,Mccaul,"US Congressman",CVS,"CVS Corp",32500,Buy,"By Spouse. Traded $15,001 To $50,000 ."
2023-09-12,Michael,Mccaul,"US Congressman",T,"AT&T Inc",175000,Sell,"By Spouse. Traded $100,001 To $250,000 ."
2023-09-12,Joshua,Gottheimer,"US Congressman",LRLCY,"L'Oreal Compan",8000,Buy,"Traded $1,001 to $15,000 ."
2023-09-12,Joshua,Gottheimer,"US Congressman",FMX,"Fomento Econom",8000,Sell,"Traded $1,001 to $15,000 ."
2023-09-12,Joshua,Gottheimer,"US Congressman",LLY,"Eli Lilly and ",8000,Buy,"Traded $1,001 to $15,000 ."
2023-09-12,Joshua,Gottheimer,"US Congressman",DXCM,"Dexcom Inc",8000,Sell,"Traded $1,001 to $15,000 ."
2023-09-12,Thomas,Tuberville,"US Senator",LPX,Louisiana-Paci,175000,Buy,"Traded $100,001 to $250,000 ."
2023-09-12,Rohit,Khanna,"US Congressman",MODG,"Topgolf Callaw",8000,Buy,"By Spouse.Traded $1,001 To $15,000 ."
2023-09-12,Lloyd,Doggett,"US Congressman",PPG,"PPG Industries",8000,Buy,"Traded $1,001 to $15,000 ."
2023-09-12,Peter,Sessions,"US Congressman",NVDA,"Nvidia Corp",8000,Buy,"By Spouse. Traded $1,001 To $15,000 ."
2023-09-11,Clifford,Franklin,"US Congressman",WMT,"Walmart Inc",32500,Sell,"Traded $15,001 to $50,000 ."
2023-09-11,Clifford,Franklin,"US Congressman",V,"Visa Inc",32500,Sell,"Traded $15,001 to $50,000 ."
2023-09-11,Clifford,Franklin,"US Congressman",UNH,"Unitedhealth G",32500,Sell,"Traded $15,001 to $50,000 ."
2023-09-11,Clifford,Franklin,"US Congressman",UPS,"United Parcel ",32500,Sell,"Traded $15,001 to $50,000 ."
2023-09-11,Clifford,Franklin,"US Congressman",SBUX,"Starbucks Corp",32500,Sell,"Traded $15,001 to $50,000 ."
2023-09-11,Clifford,Franklin,"US Congressman",PG,"Procter & Gamb",32500,Sell,"Traded $15,001 to $50,000 ."
2023-09-11,Clifford,Franklin,"US Congressman",PFE,"Pfizer Inc",8000,Sell,"Traded $1,001 to $15,000 ."
2023-09-11,Clifford,Franklin,"US Congressman",PEP,"Pepsico Inc",32500,Sell,"Traded $15,001 to $50,000 ."
2023-09-11,Clifford,Franklin,"US Congressman",NEE,"Nextera Energy",32500,Sell,"Traded $15,001 to $50,000 ."
2023-09-11,Clifford,Franklin,"US Congressman",MSFT,"Microsoft Corp",32500,Sell,"Traded $15,001 to $50,000 ."
2023-09-11,Clifford,Franklin,"US Congressman",MRK,"Merck & Compan",32500,Sell,"Traded $15,001 to $50,000 ."
2023-09-11,Clifford,Franklin,"US Congressman",MCD,"McDonald's Cor",32500,Sell,"Traded $15,001 to $50,000 ."
2023-09-11,Clifford,Franklin,"US Congressman",JPM,"JP Morgan Chas",32500,Sell,"Traded $15,001 to $50,000 ."
2023-09-11,Clifford,Franklin,"US Congressman",JNJ,"Johnson & John",32500,Sell,"Traded $15,001 to $50,000 ."
2023-09-11,Clifford,Franklin,"US Congressman",IJR,"S&P Smallcap I",8000,Sell,"Traded $1,001 to $15,000 ."
2023-09-11,Clifford,Franklin,"US Congressman",QQQ,"Nasdaq QQQ Inv",8000,Sell,"Traded $1,001 to $15,000 ."
2023-09-11,Clifford,Franklin,"US Congressman",HD,"Home Depot",32500,Sell,"Traded $15,001 to $50,000 ."
2023-09-11,Joshua,Gottheimer,"US Congressman",NVDA,"Nvidia Corp",8000,Sell,"Traded $1,001 to $15,000 ."
2023-09-11,Kevin,Hern,"US Congressman",ROK,"Rockwell Autom",8000,Buy,"Traded $1,001 to $15,000 ."
2023-09-11,Clifford,Franklin,"US Congressman",DFS,"Discover Finan",32500,Sell,"Traded $15,001 to $50,000 ."
2023-09-11,Clifford,Franklin,"US Congressman",CSCO,"Cisco Systems ",75000,Sell,"Traded $50,001 to $100,000 ."
2023-09-11,Clifford,Franklin,"US Congressman",AAPL,"Apple Inc",32500,Sell,"Traded $15,001 to $50,000 ."
2023-09-11,Clifford,Franklin,"US Congressman",GOOG,"Alphabet Cl C",75000,Sell,"Traded $50,001 to $100,000 ."
2023-09-11,Rohit,Khanna,"US Congressman",MODG,"Topgolf Callaw",8000,Buy,"By Spouse.Traded $1,001 To $15,000 ."
2023-09-11,Lloyd,Doggett,"US Congressman",IBM,"International ",8000,Buy,"Traded $1,001 to $15,000 ."
2023-09-08,Michael,Mccaul,"US Congressman",SF,"Stifel Financi",8000,Buy,"By Dependent Child. Traded $1,001 to $15,000 ."
2023-09-08,Michael,Mccaul,"US Congressman",CTS,"Cts Corp",32500,Buy,"By Dependent Child.Traded $15,001 to $50,000 ."
2023-09-08,Michael,Mccaul,"US Congressman",SF,"Stifel Financi",32500,Buy,"By Spouse.Traded $15,001 To $50,000 ."
2023-09-08,Michael,Mccaul,"US Congressman",CTS,"Cts Corp",32500,Buy,"By Spouse. Traded $15,001 To $50,000 ."
2023-09-08,Thomas,Tuberville,"US Senator",LLY,"Eli Lilly and ",8000,Sell,"Traded $1,001 to $15,000 ."
2023-09-08,Lois,Frankel,"US Congressman",XEL,"XCEL Energy In",8000,Sell,"Traded $1,001 to $15,000 ."
2023-09-08,Lois,Frankel,"US Congressman",WSO,"Watsco Inc",8000,Sell,"Traded $1,001 to $15,000 ."
2023-09-08,Lois,Frankel,"US Congressman",WAT,"Waters Corp",8000,Sell,"Traded $1,001 to $15,000 ."
2023-09-08,Lois,Frankel,"US Congressman",WRB,"W.R. Berkley C",8000,Sell,"Traded $1,001 to $15,000 ."
2023-09-08,Lois,Frankel,"US Congressman",VNT,"Vontier Corp",8000,Sell,"Traded $1,001 to $15,000 ."
2023-09-08,Lois,Frankel,"US Congressman",UNP,"Union Pacific ",8000,Sell,"Traded $1,001 to $15,000 ."
2023-09-08,Lois,Frankel,"US Congressman",ULTA,"Ulta Beauty In",8000,Sell,"Traded $1,001 to $15,000 ."
2023-09-08,Thomas,Tuberville,"US Senator",KMB,Kimberly-Clark,32500,Buy,"Traded $15,001 to $50,000 ."
2023-09-08,Lois,Frankel,"US Congressman",TT,"Trane Technolo",8000,Sell,"Traded $1,001 to $15,000 ."
2023-09-08,Thomas,Tuberville,"US Senator",CLF,Cleveland-Clif,75000,Buy,"Traded $50,001 to $100,000 ."
2023-09-08,Lois,Frankel,"US Congressman",TMO,"Thermo Fisher ",8000,Sell,"Traded $1,001 to $15,000 ."
2023-09-08,Lois,Frankel,"US Congressman",HSY,"Hershey Foods ",8000,Sell,"Traded $1,001 to $15,000 ."
2023-09-08,Lois,Frankel,"US Congressman",CI,"The Cigna Grou",32500,Sell,"Traded $15,001 to $50,000 ."
2023-09-08,Lois,Frankel,"US Congressman",TXN,"Texas Instrume",8000,Sell,"Traded $1,001 to $15,000 ."
2023-09-08,Lois,Frankel,"US Congressman",TEL,"Te Connectivit",8000,Sell,"Traded $1,001 to $15,000 ."
2023-09-08,Lois,Frankel,"US Congressman",TGT,"Target Corp",8000,Sell,"Traded $1,001 to $15,000 ."
2023-09-08,Lois,Frankel,"US Congressman",SUI,"Sun Communitie",8000,Sell,"Traded $1,001 to $15,000 ."
2023-09-08,Lois,Frankel,"US Congressman",SSNC,"SS&C Technolog",8000,Sell,"Traded $1,001 to $15,000 ."
2023-09-08,Lois,Frankel,"US Congressman",SO,"Southern Compa",8000,Sell,"Traded $1,001 to $15,000 ."
2023-09-08,Lois,Frankel,"US Congressman",SHW,Sherwin-Willia,8000,Sell,"Traded $1,001 to $15,000 ."
2023-09-08,Lois,Frankel,"US Congressman",RGLD,"Royal Gold Inc",8000,Sell,"Traded $1,001 to $15,000 ."
2023-09-08,Lois,Frankel,"US Congressman",PLD,"Prologis Inc",32500,Sell,"Traded $15,001 to $50,000 ."
2023-09-08,Lois,Frankel,"US Congressman",PGR,"Progressive Co",8000,Sell,"Traded $1,001 to $15,000 ."
2023-09-08,Lois,Frankel,"US Congressman",PNC,"PNC Bank",8000,Sell,"Traded $1,001 to $15,000 ."
2023-09-08,Lois,Frankel,"US Congressman",PXD,"Pioneer Natura",8000,Sell,"Traded $1,001 to $15,000 ."
2023-09-08,Lois,Frankel,"US Congressman",PFE,"Pfizer Inc",8000,Sell,"Traded $1,001 to $15,000 ."
2023-09-08,Lois,Frankel,"US Congressman",PEP,"Pepsico Inc",8000,Sell,"Traded $1,001 to $15,000 ."
2023-09-08,Lois,Frankel,"US Congressman",PCAR,"Paccar Inc",8000,Sell,"Traded $1,001 to $15,000 ."
2023-09-08,Lois,Frankel,"US Congressman",NXPI,"Nxp Semiconduc",8000,Sell,"Traded $1,001 to $15,000 ."
2023-09-08,Lois,Frankel,"US Congressman",NOC,"Northrop Grumm",8000,Sell,"Traded $1,001 to $15,000 ."
2023-09-08,Lois,Frankel,"US Congressman",NSA,"National Stora",8000,Sell,"Traded $1,001 to $15,000 ."
2023-09-08,Lois,Frankel,"US Congressman",NDAQ,"Nasdaq Inc",8000,Sell,"Traded $1,001 to $15,000 ."
2023-09-08,Lois,Frankel,"US Congressman",MS,"Morgan Stanley",8000,Sell,"Traded $1,001 to $15,000 ."
2023-09-08,Lois,Frankel,"US Congressman",MRK,"Merck & Compan",8000,Sell,"Traded $1,001 to $15,000 ."
2023-09-08,Lois,Frankel,"US Congressman",MCK,"Mckesson Corp",16001,Sell,"Traded $2,002 To $30,000 ."
2023-09-08,Lois,Frankel,"US Congressman",MMC,"Marsh & Mclenn",8000,Sell,"Traded $1,001 to $15,000 ."
2023-09-08,Lois,Frankel,"US Congressman",MAR,"Marriot Int Cl",8000,Sell,"Traded $1,001 to $15,000 ."
2023-09-08,Lois,Frankel,"US Congressman",MKL,"Markel Corp",8000,Sell,"Traded $1,001 to $15,000 ."
2023-09-08,Lois,Frankel,"US Congressman",MTB,"M&T Bank Corp",8000,Sell,"Traded $1,001 to $15,000 ."
2023-09-08,Lois,Frankel,"US Congressman",LOW,"Lowe's Compani",8000,Sell,"Traded $1,001 to $15,000 ."
2023-09-08,Lois,Frankel,"US Congressman",LKQ,"LKQ Corp",8000,Sell,"Traded $1,001 to $15,000 ."
2023-09-08,Lois,Frankel,"US Congressman",LBRDK,"Liberty Broadb",8000,Sell,"Traded $1,001 to $15,000 ."
2023-09-08,Lois,Frankel,"US Congressman",LAMR,"Lamar Advertis",8000,Sell,"Traded $1,001 to $15,000 ."
2023-09-08,Lois,Frankel,"US Congressman",KLAC,"K L A-Tencor C",8000,Sell,"Traded $1,001 to $15,000 ."
2023-09-08,Lois,Frankel,"US Congressman",KKR,"KKR & Company ",8000,Sell,"Traded $1,001 to $15,000 ."
2023-09-08,Lois,Frankel,"US Congressman",KVUE,"Kenvue Inc",8000,Sell,"Traded $1,001 to $15,000 ."
2023-09-08,Lois,Frankel,"US Congressman",JPM,"JP Morgan Chas",32500,Sell,"Traded $15,001 to $50,000 ."
2023-09-08,Lois,Frankel,"US Congressman",JNJ,"Johnson & John",8000,Sell,"Traded $1,001 to $15,000 ."
2023-09-08,Lois,Frankel,"US Congressman",ITW,"Illinois Tool ",8000,Sell,"Traded $1,001 to $15,000 ."
2023-09-08,Lois,Frankel,"US Congressman",HUBB,"Hubbell Inc B",8000,Sell,"Traded $1,001 to $15,000 ."
2023-09-08,Lois,Frankel,"US Congressman",HON,"Honeywell Inte",8000,Sell,"Traded $1,001 to $15,000 ."
2023-09-08,Lois,Frankel,"US Congressman",HES,"Hess Corp",8000,Sell,"Traded $1,001 to $15,000 ."
2023-09-08,Lois,Frankel,"US Congressman",HAL,"Halliburton Co",8000,Sell,"Traded $1,001 to $15,000 ."
2023-09-08,Lois,Frankel,"US Congressman",GL,"Globe Life Inc",8000,Sell,"Traded $1,001 to $15,000 ."
2023-09-08,Lois,Frankel,"US Congressman",GD,"General Dynami",8000,Sell,"Traded $1,001 to $15,000 ."
2023-09-08,Lois,Frankel,"US Congressman",IT,"Gartner Inc",8000,Sell,"Traded $1,001 to $15,000 ."
2023-09-08,Lois,Frankel,"US Congressman",FLR,"Fluor Corp",8000,Sell,"Traded $1,001 to $15,000 ."
2023-09-08,Lois,Frankel,"US Congressman",FAF,"First American",8000,Sell,"Traded $1,001 to $15,000 ."
2023-09-08,Lois,Frankel,"US Congressman",EXPD,"Expeditors Int",8000,Sell,"Traded $1,001 to $15,000 ."
2023-09-08,Lois,Frankel,"US Congressman",ES,"Eversource Ene",8000,Sell,"Traded $1,001 to $15,000 ."
2023-09-08,Lois,Frankel,"US Congressman",ETR,"Entergy Corp",8000,Sell,"Traded $1,001 to $15,000 ."
2023-09-08,Lois,Frankel,"US Congressman",ETN,"Eaton Corp",8000,Sell,"Traded $1,001 to $15,000 ."
2023-09-08,Lois,Frankel,"US Congressman",DD,"Dupont Denemou",8000,Sell,"Traded $1,001 to $15,000 ."
2023-09-08,Lois,Frankel,"US Congressman",DUK,"Duke Energy Co",8000,Sell,"Traded $1,001 to $15,000 ."
2023-09-08,Lois,Frankel,"US Congressman",DORM,"Dorman Product",8000,Sell,"Traded $1,001 to $15,000 ."
2023-09-08,Lois,Frankel,"US Congressman",D,"Dominion Energ",8000,Sell,"Traded $1,001 to $15,000 ."
2023-09-08,Lois,Frankel,"US Congressman",FANG,"Diamondback En",8000,Sell,"Traded $1,001 to $15,000 ."
2023-09-08,Lois,Frankel,"US Congressman",DGEAF,"Diageo Plc New",8000,Sell,"Traded $1,001 to $15,000 ."
2023-09-08,Lois,Frankel,"US Congressman",COP,Conocophillips,32500,Sell,"Traded $15,001 to $50,000 ."
2023-09-08,Lois,Frankel,"US Congressman",CMCSA,"Comcast Corp A",32500,Sell,"Traded $15,001 to $50,000 ."
2023-09-08,Lois,Frankel,"US Congressman",CBD-,"Cia Brasileira",8000,Sell,"Traded $1,001 to $15,000 ."
2023-09-08,Lois,Frankel,"US Congressman",CB,"Chubb Ltd",8000,Sell,"Traded $1,001 to $15,000 ."
2023-09-08,Lois,Frankel,"US Congressman",CRL,"Charles River ",8000,Sell,"Traded $1,001 to $15,000 ."
2023-09-08,Lois,Frankel,"US Congressman",CBOE,"CBOE Global Ma",8000,Sell,"Traded $1,001 to $15,000 ."
2023-09-08,Rohit,Khanna,"US Congressman",CASY,"Casey's Genera",8000,Sell,"Traded $1,001 to $15,000 ."
2023-09-08,Lois,Frankel,"US Congressman",BWXT,"Bwx Technologi",8000,Sell,"Traded $1,001 to $15,000 ."
2023-09-08,Lois,Frankel,"US Congressman",BR,"Broadridge Fin",8000,Sell,"Traded $1,001 to $15,000 ."
2023-09-08,Lois,Frankel,"US Congressman",BSX,"Boston Scienti",16001,Sell,"Traded $2,002 To $30,000 ."
2023-09-08,Lois,Frankel,"US Congressman",BAH,"Booz Allen Ham",8000,Sell,"Traded $1,001 to $15,000 ."
2023-09-08,Lois,Frankel,"US Congressman",BIO,"Bio-Rad Labora",8000,Sell,"Traded $1,001 to $15,000 ."
2023-09-08,Lois,Frankel,"US Congressman",AVY,"Avery Dennison",8000,Sell,"Traded $1,001 to $15,000 ."
2023-09-08,Lois,Frankel,"US Congressman",ADSK,"Autodesk Inc",8000,Sell,"Traded $1,001 to $15,000 ."
2023-09-08,Lois,Frankel,"US Congressman",AON,"AON Plc",8000,Sell,"Traded $1,001 to $15,000 ."
2023-09-08,Lois,Frankel,"US Congressman",ADI,"Analog Devices",8000,Sell,"Traded $1,001 to $15,000 ."
2023-09-08,Lois,Frankel,"US Congressman",COLD,"Americold Real",8000,Sell,"Traded $1,001 to $15,000 ."
2023-09-08,Lois,Frankel,"US Congressman",AXP,"American Expre",8000,Sell,"Traded $1,001 to $15,000 ."
2023-09-08,Lois,Frankel,"US Congressman",LNT,"Alliant Energy",8000,Sell,"Traded $1,001 to $15,000 ."
2023-09-08,Lois,Frankel,"US Congressman",ARE,"Alexandria Rea",8000,Sell,"Traded $1,001 to $15,000 ."
2023-09-08,Lois,Frankel,"US Congressman",ACN,"Accenture Plc",8000,Sell,"Traded $1,001 to $15,000 ."
2023-09-08,Lois,Frankel,"US Congressman",ABBV,"Abbvie Inc",8000,Buy,"Traded $1,001 to $15,000 ."
2023-09-08,Lois,Frankel,"US Congressman",AOS,"Smith A.O. Cor",8000,Sell,"Traded $1,001 to $15,000 ."
2023-09-08,Rohit,Khanna,"US Congressman",LH,"Laboratory Cor",8000,Buy,"By Spouse. Traded $1,001 to $15,000 ."
2023-09-08,Rohit,Khanna,"US Congressman",UNLYF,"Unilever Plc G",8000,Sell,"By Spouse. Traded $1,001 to $15,000 ."
2023-09-08,Rohit,Khanna,"US Congressman",CBD-,"Cia Brasileira",8000,Sell,"By Spouse. Traded $1,001 to $15,000 ."
2023-09-08,Rohit,Khanna,"US Congressman",NONOF,"Novo Nordisk A",8000,Buy,"By Spouse. Traded $1,001 To $15,000 ."
2023-09-08,Rohit,Khanna,"US Congressman",LTHM,"Livent Corp",8000,Buy,"By Spouse. Traded $1,001 To $15,000 ."
2023-09-08,Rohit,Khanna,"US Congressman",MODG,"Topgolf Callaw",8000,Buy,"By Spouse.Traded $1,001 To $15,000 ."
2023-09-08,Rohit,Khanna,"US Congressman",EWJ,"Japan Ishares ",8000,Buy,"By Spouse. Traded $1,001 to $15,000 ."
2023-09-08,Rohit,Khanna,"US Congressman",RYDAF,"Shell Plc",8000,Buy,"By Spouse. Traded $1,001 To $15,000 . Is ADR/ADS, but shown as ord equivalent."
2023-09-08,Rohit,Khanna,"US Congressman",LH,"Laboratory Cor",8000,Buy,"By Dependent Child. Traded $1,001 to $15,000 ."
2023-09-08,Rohit,Khanna,"US Congressman",MSFT,"Microsoft Corp",8000,Buy,"By Dependent Child. Traded $1,001 To $15,000 ."
2023-09-08,Rohit,Khanna,"US Congressman",SQ,"Block Inc",8000,Sell,"By Dependent Child. Traded $1,001 To $15,000 ."
2023-09-07,Michael,Mccaul,"US Congressman",SF,"Stifel Financi",8000,Buy,"By Dependent Child. Traded $1,001 to $15,000 ."
2023-09-07,Michael,Mccaul,"US Congressman",SF,"Stifel Financi",75000,Buy,"By Spouse.Traded $50,001 to $100,000 ."
2023-09-07,Michael,Mccaul,"US Congressman",CBD-,"Cia Brasileira",175000,Sell,"By Spouse. Traded $100,001 To $250,000 ."
2023-09-07,Robert,Wittman,"US Congressman",AMT,"American Tower",8000,Buy,"Traded $1,001 to $15,000 ."
2023-09-07,Joshua,Gottheimer,"US Congressman",MA,"Mastercard Inc",8000,Buy,"Traded $1,001 to $15,000 ."
2023-09-07,Kevin,Hern,"US Congressman",RTX,"Rtx Corp",8000,Buy,"Traded $1,001 to $15,000 ."
2023-09-07,Thomas,Tuberville,"US Senator",PRU,"Prudential Fin",32500,Sell,"Traded $15,001 to $50,000 ."
2023-09-07,Thomas,Tuberville,"US Senator",TSN,"Tyson Foods",8000,Sell,"Traded $1,001 to $15,000 ."
2023-09-07,Thomas,Tuberville,"US Senator",AAPL,"Apple Inc",32500,Sell,"Traded $15,001 to $50,000 ."
2023-09-07,Thomas,Tuberville,"US Senator",CLF,Cleveland-Clif,75000,Buy,"Traded $50,001 to $100,000 ."
2023-09-07,Lois,Frankel,"US Congressman",PCAR,"Paccar Inc",8000,Buy,"Traded $1,001 to $15,000 ."
2023-09-07,Rohit,Khanna,"US Congressman",LH,"Laboratory Cor",8000,Buy,"By Spouse. Traded $1,001 to $15,000 ."
2023-09-07,Rohit,Khanna,"US Congressman",MU,"Micron Technol",8000,Sell,"By Spouse. Traded $1,001 to $15,000 ."
2023-09-07,Rohit,Khanna,"US Congressman",MODG,"Topgolf Callaw",8000,Buy,"By Spouse. Traded $1,001 To $15,000 ."
2023-09-07,Rohit,Khanna,"US Congressman",LH,"Laboratory Cor",8000,Buy,"By Dependent Child. Traded $1,001 to $15,000 ."
2023-09-07,Lloyd,Doggett,"US Congressman",JNJ,"Johnson & John",8000,Buy,"Traded $1,001 to $15,000 ."
2023-09-07,Peter,Sessions,"US Congressman",AGAE,"Allied Gaming ",900,Sell,"Price not reported, valued at close. By Spouse."
"Downloaded from Barchart.com as of 11-05-2023 01:04am CDT"
